residues in contact,ROI partner position,ROI partner residue,ROI partner domain,second partner position,second partner residue,second partner domain,median contacts distance,number atoms contacts,atoms contacts,atoms contacts distances,ROI partner types
717GLU_1507SER,717,GLU,HVR,1507,SER,RdRp nsP5,2.339523554291055,1,SER1507_OG-GLU717_N-H,2.339523554291055,acceptor
720ALA_1500ARG,720,ALA,HVR,1500,ARG,RdRp nsP5,2.088728118092456,1,ALA720_O-ARG1500_NH2-HH22,2.088728118092456,donor
723PRO_1500ARG,723,PRO,HVR,1500,ARG,RdRp nsP5,1.9725897605615133,1,PRO723_O-ARG1500_NE-HE,1.9725897605615133,donor
728GLY_1379LEU,728,GLY,HVR,1379,LEU,RdRp nsP5,2.0594068403513,1,GLY728_O-LEU1379_N-H,2.0594068403513,donor
738ASP_1386ARG,738,ASP,HVR,1386,ARG,RdRp nsP5,2.1371646380751455,2,ASP738_OD1-ARG1386_NH1-HH12 | ASP738_OD2-ARG1386_NH1-HH12,2.0881556664183893 | 2.1861736097319016,donor | donor
742LEU_871GLN,742,LEU,HVR,871,GLN,Macro Domain nsP3,2.076083900608225,1,LEU742_O-GLN871_N-H,2.076083900608225,donor
755PRO_875ARG,755,PRO,HVR,875,ARG,Macro Domain nsP3,1.905752607490665,1,PRO755_O-ARG875_NH2-HH22,1.905752607490665,donor
758LEU_870GLU,758,LEU,HVR,870,GLU,Macro Domain nsP3,2.333619756946212,1,GLU870_OE1-LEU758_N-H,2.333619756946212,acceptor
761GLU_344ARG,761,GLU,HVR,344,ARG,Putative Capping Pore nsP1,1.9527814471256613,3,GLU761_OE1-ARG344_NH2-HH21 | GLU761_OE2-ARG344_NE-HE | GLU761_OE2-ARG344_NH2-HH21,1.9527814471256613 | 1.897894810690441 | 2.17262669320022,donor | donor | donor
767GLY_356VAL,767,GLY,HVR,356,VAL,Putative Capping Pore nsP1,2.020412613895361,1,GLY767_O-VAL356_N-H,2.020412613895361,donor
770ARG_899ILE,770,ARG,HVR,899,ILE,Macro Domain nsP3,1.95458147105284,1,ILE899_O-ARG770_NH2-HH22,1.95458147105284,acceptor
776ARG_897SER,776,ARG,HVR,897,SER,Macro Domain nsP3,2.052197718899489,2,SER897_O-ARG776_NE-HE | SER897_OG-ARG776_NH2-HH21,2.080280680184308 | 2.02411475761467,acceptor | acceptor
776ARG_898GLY,776,ARG,HVR,898,GLY,Macro Domain nsP3,2.123535193634394,1,GLY898_O-ARG776_N-H,2.123535193634394,acceptor
779PRO_826LEU,779,PRO,HVR,826,LEU,Macro Domain nsP3,2.091008141559093,1,PRO779_O-LEU826_N-H,2.091008141559093,donor
785ARG_803SER,785,ARG,HVR,803,SER,Macro Domain nsP3,2.157978284497249,1,ARG785_O-SER803_N-H,2.157978284497249,donor
