residues in contact,ROI partner position,ROI partner residue,ROI partner domain,second partner position,second partner residue,second partner domain,median contacts distance,number atoms contacts,atoms contacts,atoms contacts distances,ROI partner types
721HIE_585ASN,721,HIE,HVR,585,ASN,Metal Binding Domain nsP2,2.0201184761660094,1,ASN585_O-HIE721_N-H,2.0201184761660094,acceptor
721HIE_664LEU,721,HIE,HVR,664,LEU,Metal Binding Domain nsP2,1.9924611186201653,1,LEU664_O-HIE721_NE2-HE2,1.9924611186201653,acceptor
729ARG_604GLY,729,ARG,HVR,604,GLY,Metal Binding Domain nsP2,2.085648616078432,1,ARG729_O-GLY604_N-H,2.085648616078432,donor
744PHE_597SER,744,PHE,HVR,597,SER,Metal Binding Domain nsP2,2.127927846303088,1,SER597_O-PHE744_N-H,2.127927846303088,acceptor
747PRO_765ALA,747,PRO,HVR,765,ALA,HVR,1.955751938465493,1,PRO747_O-ALA765_N-H,1.955751938465493,donor
766ASN_750GLY,766,ASN,HVR,750,GLY,HVR,2.378122765912046,1,ASN766_OD1-GLY750_N-H,2.378122765912046,donor
766ASN_848ARG,766,ASN,HVR,848,ARG,Macro Domain nsP3,2.183026510267703,2,ASN766_O-ARG848_NH1-HH12 | ASN766_O-ARG848_NH2-HH22,1.9225476038411933 | 2.443505416694213,donor | donor
766ASN_845PHE,766,ASN,HVR,845,PHE,Macro Domain nsP3,2.009315997016259,1,PHE845_O-ASN766_ND2-HD22,2.009315997016259,acceptor
767PRO_847MET,767,PRO,HVR,847,MET,Macro Domain nsP3,2.418642920795965,1,PRO767_O-MET847_N-H,2.418642920795965,donor
787ARG_810ASP,787,ARG,HVR,810,ASP,Macro Domain nsP3,2.172220584491592,2,ASP810_OD1-ARG787_NH1-HH12 | ASP810_OD2-ARG787_NH1-HH12,2.131704521962195 | 2.212736647020989,acceptor | acceptor
787ARG_808GLU,787,ARG,HVR,808,GLU,Macro Domain nsP3,2.6082865424229933,1,GLU808_O-ARG787_NH2-HH21,2.6082865424229933,acceptor
787ARG_1086GLU,787,ARG,HVR,1086,GLU,Helicase nsP4,2.1863546966200444,2,GLU1086_OE1-ARG787_NH1-HH11 | GLU1086_OE2-ARG787_NH1-HH11,2.415528541467245 | 1.957180851772844,acceptor | acceptor
