residues in contact,ROI partner position,ROI partner residue,ROI partner domain,second partner position,second partner residue,second partner domain,median contacts distance,number atoms contacts,atoms contacts,atoms contacts distances,ROI partner types
716PRO_654ARG,716,PRO,HVR,654,ARG,Metal Binding Domain nsP2,1.9883777367864368,1,PRO716_O-ARG654_NH1-HH11,1.9883777367864368,donor
718GLU_654ARG,718,GLU,HVR,654,ARG,Metal Binding Domain nsP2,1.8624192859390951,1,GLU718_OE2-ARG654_NH1-HH12,1.8624192859390951,donor
729GLY_741ARG,729,GLY,HVR,741,ARG,HVR,1.9483405350712475,1,GLY729_O-ARG741_NH1-HH11,1.9483405350712475,donor
730LEU_741ARG,730,LEU,HVR,741,ARG,HVR,2.581963136042097,1,LEU730_O-ARG741_NH1-HH12,2.581963136042097,donor
731PRO_741ARG,731,PRO,HVR,741,ARG,HVR,2.0314207810969998,1,PRO731_O-ARG741_NH1-HH12,2.0314207810969998,donor
739ASP_536ASN,739,ASP,HVR,536,ASN,Metal Binding Domain nsP2,1.980055084389212,1,ASP739_O-ASN536_ND2-HD21,1.980055084389212,donor
746PRO_533ARG,746,PRO,HVR,533,ARG,Metal Binding Domain nsP2,2.011594065520601,1,PRO746_O-ARG533_NH1-HH11,2.011594065520601,donor
753ASP_725ALA,753,ASP,HVR,725,ALA,HVR,2.1529125458794938,1,ASP753_O-ALA725_N-H,2.1529125458794938,donor
766LEU_756SER,766,LEU,HVR,756,SER,HVR,2.088269334951712,1,LEU766_O-SER756_N-H,2.088269334951712,donor
773THR_846SER,773,THR,HVR,846,SER,Macro Domain nsP3,1.928271422092359,1,THR773_O-SER846_OG-HG,1.928271422092359,donor
774PRO_827ARG,774,PRO,HVR,827,ARG,Macro Domain nsP3,1.9684176416501933,1,PRO774_O-ARG827_NH1-HH12,1.9684176416501933,donor
791ARG_812GLU,791,ARG,HVR,812,GLU,Macro Domain nsP3,2.2678165295530652,2,GLU812_OE1-ARG791_N-H | GLU812_OE2-ARG791_N-H,2.232707847913323 | 2.302925211192807,acceptor | acceptor
792THR_809SER,792,THR,HVR,809,SER,Macro Domain nsP3,2.06027775770138,1,THR792_OG1-SER809_N-H,2.06027775770138,donor
