residues in contact,ROI partner position,ROI partner residue,ROI partner domain,second partner position,second partner residue,second partner domain,median contacts distance,number atoms contacts,atoms contacts,atoms contacts distances,ROI partner types
740LYS_754ALA,740,LYS,HVR,754,ALA,HVR,2.193505769502824,1,LYS740_O-ALA754_N-H,2.193505769502824,donor
765LEU_1426ALA,765,LEU,HVR,1426,ALA,RdRp nsP5,2.0378829269107004,1,LEU765_O-ALA1426_N-H,2.0378829269107004,donor
777ARG_1419GLU,777,ARG,HVR,1419,GLU,RdRp nsP5,2.1321793083686598,2,GLU1419_OE1-ARG777_NH2-HH22 | GLU1419_OE2-ARG777_NH2-HH22,1.9785633540639205 | 2.285795262673399,acceptor | acceptor
778GLU_1469SER,778,GLU,HVR,1469,SER,RdRp nsP5,2.157760909026555,1,SER1469_OG-GLU778_N-H,2.157760909026555,acceptor
784ASP_1567PRO,784,ASP,HVR,1567,PRO,RdRp nsP5,2.0521414157423687,1,PRO1567_O-ASP784_N-H,2.0521414157423687,acceptor
790GLU_425GLY,790,GLU,HVR,425,GLY,Putative Capping Pore nsP1,2.151969644713607,1,GLY425_O-GLU790_N-H,2.151969644713607,acceptor
792ILE_809VAL,792,ILE,HVR,809,VAL,HVR,2.090510137413654,1,ILE792_O-VAL809_N-H,2.090510137413654,donor
814GLU_407ILE,814,GLU,HVR,407,ILE,Putative Capping Pore nsP1,2.1580463576784243,1,GLU814_O-ILE407_N-H,2.1580463576784243,donor
817GLN_1333LEU,817,GLN,HVR,1333,LEU,RdRp nsP5,2.0201946915440265,2,GLN817_OE1-LEU1333_N-H | LEU1333_O-GLN817_NE2-HE21,1.964867609171427 | 2.075521773916626,donor | acceptor
820SER_1328LEU,820,SER,HVR,1328,LEU,RdRp nsP5,2.077074940259389,2,SER820_OG-LEU1328_N-H | LEU1328_O-SER820_N-H,2.138318642392479 | 2.0158312381262986,donor | acceptor
838ARG_978ASP,838,ARG,HVR,978,ASP,Macro Domain nsP3,2.1432992406260203,2,ASP978_OD1-ARG838_NE-HE | ASP978_OD2-ARG838_NE-HE,2.171747658499456 | 2.114850822752584,acceptor | acceptor
