residues in contact,ROI partner position,ROI partner residue,ROI partner domain,second partner position,second partner residue,second partner domain,median contacts distance,number atoms contacts,atoms contacts,atoms contacts distances,ROI partner types
711ALA_392GLU,711,ALA,HVR,392,GLU,Putative Capping Pore nsP1,2.310000809412867,1,GLU392_O-ALA711_N-H,2.310000809412867,acceptor
729VAL_719ARG,729,VAL,HVR,719,ARG,HVR,1.8861889292796683,1,VAL729_O-ARG719_NH2-HH22,1.8861889292796683,donor
773SER_445ALA,773,SER,HVR,445,ALA,Putative Capping Pore nsP1,2.0697168890748148,2,SER773_OG-ALA445_N-H | ALA445_O-SER773_N-H,2.087329811897006 | 2.0521039662526235,donor | acceptor
780ARG_206ASN,780,ARG,HVR,206,ASN,Putative Capping Pore nsP1,2.014312559185024,1,ARG780_O-ASN206_ND2-HD21,2.014312559185024,donor
780ARG_484GLY,780,ARG,HVR,484,GLY,between Putative Capping Pore nsP1 and Metal Binding Domain nsP2,2.2718883310132236,2,GLY484_O-ARG780_NE-HE | GLY484_O-ARG780_NH2-HH21,2.518606195123611 | 2.0251704669028365,acceptor | acceptor
780ARG_223ASP,780,ARG,HVR,223,ASP,Putative Capping Pore nsP1,2.1324222678835003,2,ASP223_OD1-ARG780_NH2-HH22 | ASP223_OD2-ARG780_NH2-HH22,2.1317132895116493 | 2.133131246255351,acceptor | acceptor
784ARG_485ASP,784,ARG,HVR,485,ASP,between Putative Capping Pore nsP1 and Metal Binding Domain nsP2,2.076396442313233,4,ASP485_OD1-ARG784_NH1-HH12 | ASP485_OD1-ARG784_NH2-HH22 | ASP485_OD2-ARG784_NH1-HH12 | ASP485_OD2-ARG784_NH2-HH22,2.025695193233892 | 2.1270976913925748 | 2.2250369280784152 | 1.9222841801202375,acceptor | acceptor | acceptor | acceptor
790PHE_299THR,790,PHE,HVR,299,THR,Putative Capping Pore nsP1,2.122650106096616,1,THR299_OG1-PHE790_N-H,2.122650106096616,acceptor
796ALA_821LYS,796,ALA,HVR,821,LYS,HVR,2.0097561961555144,1,ALA796_O-LYS821_N-H,2.0097561961555144,donor
802PRO_829ARG,802,PRO,HVR,829,ARG,HVR,1.920831997301547,1,PRO802_O-ARG829_NH1-HH11,1.920831997301547,donor
803ALA_832ARG,803,ALA,HVR,832,ARG,Macro Domain nsP3,1.9324588211055944,1,ALA803_O-ARG832_NH2-HH21,1.9324588211055944,donor
804SER_829ARG,804,SER,HVR,829,ARG,HVR,1.9164129321896544,1,SER804_OG-ARG829_NH1-HH12,1.9164129321896544,donor
808SER_288GLY,808,SER,HVR,288,GLY,Putative Capping Pore nsP1,2.356894605941146,1,GLY288_O-SER808_N-H,2.356894605941146,acceptor
819VAL_796ALA,819,VAL,HVR,796,ALA,HVR,1.9972015321509653,1,VAL819_O-ALA796_N-H,1.9972015321509653,donor
